{
    "accuracy": 0.7932692307692307,
    "precision": 0.7782515991471215,
    "recall": 0.9358974358974359,
    "f1": 0.8498253783469151
}