{
    "accuracy": 0.7451923076923077,
    "precision": 0.712707182320442,
    "recall": 0.9923076923076923,
    "f1": 0.8295819935691319
}